<?xml version="1.0" encoding="UTF-8" ?>
<configuration>

       

    <!-- 180A: org.bluetooth.service.device_information -->
    <service uuid="180A" id="device_information">
        <description>Device Information</description>
    
        <!-- 2A29: org.bluetooth.characteristic.manufacturer_name_string -->
        <characteristic uuid="2A29" id="c_manufacturer_name">
            <description>Manufacturer Name</description>
            <properties read="true" const="true" />
            <value>Bluegiga</value>
        </characteristic>

        <!-- 2A24: org.bluetooth.characteristic.model_number_string -->
        <characteristic uuid="2A24" id="c_model_number">
            <description>Model Number</description>
            <properties read="true" const="true" />
            <value>DKBLE112</value>
        </characteristic>
        
    </service>

    <service uuid="a6322521-eb79-4b9f-9152-19daa4870418">
        <description>Bluegiga ADC Service</description>
        <characteristic uuid="f90ea017-f673-45b8-b00b-16a088a2ed61" id="c_adc_data">
            <description>ADC Measurement</description>
            <properties read="true" indicate="true" />
            <value length="2" />
        </characteristic>
    </service>
    
</configuration>
