<?xml version="1.0" encoding="UTF-8" ?>
<configuration>

    <service uuid="1800">
		<description>Generic Access Profile</description>

		<characteristic uuid="2a00">
			<properties read="true" const="true" />
			<value>Bluegiga PWM</value>
			<description>Device Name</description>
		</characteristic>

		<characteristic uuid="2a01">
			<properties read="true" const="true" />
			<value type="hex">4142</value>
			<description>Appearance</description>
		</characteristic>
    </service>

</configuration>
