<?xml version="1.0" encoding="UTF-8" ?>
<configuration>

    <service uuid="1800">
      <description>Generic Access Profile</description>

      <characteristic uuid="2a00">
        <properties read="true" const="true" />
        <value>Bluegiga Battery</value>
      </characteristic>

      <characteristic uuid="2a01">
        <properties read="true" const="true" />
        <value type="hex">0000</value>
      </characteristic>
    </service>

    <service uuid="180f" advertise="true">
        <description>Battery</description>
        <characteristic uuid="2a19" id="xgatt_battery">
            <properties read="true" />
            <value type="user" />
        </characteristic>
    </service>
</configuration>
