<?xml version="1.0" encoding="UTF-8" ?>
<configuration>

    <!-- 1800: org.bluetooth.service.generic_access -->
    <service uuid="1800" id="generic_access">
        <description>Generic Access</description>

        <!-- 2A00: org.bluetooth.characteristic.gap.device_name -->
        <characteristic uuid="2A00" id="c_device_name">
            <description>Device Name</description>
            <properties read="true" const="true" />
            <value>Multislave Slave</value>
        </characteristic>

        <!-- 2A01: org.bluetooth.characteristic.gap.appearance -->
        <characteristic uuid="2A01" id="c_appearance">
            <description>Appearance</description>
            <properties read="true" const="true" />
            <value type="hex">0100</value>
        </characteristic>
        
    </service>

    <!-- 180A: org.bluetooth.service.device_information -->
    <service uuid="180A" id="device_information">
        <description>Device Information</description>
    
        <!-- 2A29: org.bluetooth.characteristic.manufacturer_name_string -->
        <characteristic uuid="2A29" id="c_manufacturer_name">
            <description>Manufacturer Name</description>
            <properties read="true" const="true" />
            <value>Bluegiga</value>
        </characteristic>

        <!-- 2A24: org.bluetooth.characteristic.model_number_string -->
        <characteristic uuid="2A24" id="c_model_number">
            <description>Model Number</description>
            <properties read="true" const="true" />
            <value>Multislave Demo Slave Device</value>
        </characteristic>
        
    </service>

    <!-- custom service for providing and controlling demo slave behavior -->
    <service uuid="25af9d04-4b85-4f58-97e1-845bd4dd5e38" advertise="true">
        <description>Status and Control Service</description>

        <!-- custom characteristic for acknowledged status and control point -->
        <characteristic uuid="6fba5c80-5876-4815-9167-26d19aaa25ec" id="c_status_control">
            <description>Status and Control Point</description>
            <properties write="true" indicate="true" />
            <value length="4" />
        </characteristic>

    </service>

</configuration>
